textID,text,selected_text,sentiment,Time of Tweet,Age of User,Country,Population -2020,Land Area (Km²),Density (P/Km²)
2e7082d1c8,MAYDAY?!,MAYDAY?!,neutral,morning,0-20,Cuba,11326616,106440.0,106
ef12a3d183, i talk to you,i talk to you,neutral,morning,46-60,Afghanistan,38928346,652860.0,60
94f67cfa6d, hey mia!  totally adore your music.  when will your cd be out?,y adore,positive,morning,46-60,Norway,5421241,365000.0,15
328a0e76bd,My modem has been offline for a week now... God bless the 3g network. Tim just left... Again!! May schedule has been brutal,brutal,negative,noon,21-30,South Sudan,11193725,610952.0,18
4213627c3c,I still smell of smoke  #kitchenfire,I still smell of smoke  #kitchenfire,neutral,noon,60-70,Guinea-Bissau,1968001,28120.0,70
7e7bc11e45,"Oh, I HELLA forgot to say my official good morning  Like to hear it? Here it go! Goooooooooooood Morrrrrrrrning Twitterville! Lol",Goooooooooooood Morrrrrrrrning,positive,night,70-100,Vietnam,97338579,310070.0,314
bbe3cbf620,test test from the LG enV2,test test from the LG enV2,neutral,night,31-45,Barbados,287375,430.0,668
f29df52d91, I want to know when the auditions are Mander! Text or...reply please!,I want to know when the auditions are Mander! Text or...reply please!,neutral,morning,0-20,Timor-Leste,1318445,14870.0,89
2207d982bc,4am. And Im on the beach. Pretty,Pretty,positive,noon,60-70,Luxembourg,625978,2590.0,242
4b61dffbeb,i`m soooooo sleeeeepy!!! the last day o` school was today....sniffle....,soooooo sleeeeepy!!!,negative,night,31-45,Comoros,869601,1861.0,467
e56eeb4968,Few Bevvies 2day in twn..great on a day off!!,great,positive,morning,0-20,Sweden,10099265,410340.0,25
a0a306868a,lost my tooth 2day whilst i was eating gum...oww,oww,negative,morning,46-60,Vanuatu,307145,12200.0,25
6903cb08f2, Nice to see you tweeting!  It`s Sunday 10th May and we`re celebrating Mother`s Day here today. So be nice to yer Mom,e nice,positive,night,31-45,Panama,4314767,74340.0,58
99b7ec4b0b, ACSM. it`s unfathomable.  i think the other one .. and the .. is one that should be kept to the comfort of our bedrooms. yes?,ACSM. it`s unfathomable.  i think the other one .. and the .. is one that should be kept to the comfort of our bedrooms. yes?,neutral,night,70-100,Monaco,39242,1.0,26337
66057d58c2,"Not looking forward to next week: Maths, Geography, English and French exams, totalling 7 hours",Not looking forward,negative,night,31-45,Netherlands,17134872,33720.0,508
5b578d0b4c,"Just opened a facebook account, I`m a little confused I don`t really get it. Twitter seems much better",better,positive,noon,60-70,Montenegro,628066,13450.0,47
7e4ed52c4a,Hate fighting,Hate fighting,negative,morning,0-20,Rwanda,12952218,24670.0,525
6649f3558c, Not a prob hun,Not a prob,positive,night,70-100,Niger,24206644,1266700.0,19
43e9a93104,So many tests todayyy  I don`t feel confident about anyy.,I don`t feel confident,negative,noon,21-30,Montenegro,628066,13450.0,47
0b5c2a7d7c,"downloading songs while trying to sneak a lil homework in too, which should be my main priority not songs lol","downloading songs while trying to sneak a lil homework in too, which should be my main priority not songs lol",neutral,morning,46-60,Brunei,437479,5270.0,83
4ea61dbc7a, what`s the matter chickadee?,what`s the matter chickadee?,neutral,night,31-45,North Macedonia,2083374,25220.0,83
7162d447ab,first night in myers. just not the same w/out lydia!  but i`m actually excited about this summer!,excited,positive,noon,21-30,Switzerland,8654622,39500.0,219
a4b0888da6, haha yes,haha yes,neutral,noon,21-30,Gabon,2225734,257670.0,9
e3a1b65ef3,Going to miss my roomie ... We will no longer be roomies starting tomorrow,miss,negative,night,31-45,Lesotho,2142249,30360.0,71
d21ab5855b," Ahhh, I slept through the game.  I`m gonna try my best to watch tomorrow though. I hope we play Army.","Ahhh, I slept through the game.  I`m gonna try my best to watch tomorrow though. I hope we play Army.",neutral,noon,60-70,Chad,16425864,1259200.0,13
89d5b3f0b5,  Thanks,Thanks,positive,night,31-45,Italy,60461826,294140.0,206
997a62f83f,"These kids are terrible! If I was in Good Evans, I`d call Childline",terrible!,negative,morning,46-60,Qatar,2881053,11610.0,248
9b11b686ec,happy 1 year! <3,happy 1 year! <3,positive,noon,60-70,Venezuela,28435940,882050.0,32
cb774db0d1," I`d have responded, if I were going","I`d have responded, if I were going",neutral,morning,0-20,Afghanistan,38928346,652860.0,60
358bd9e861," Sons of ****, why couldn`t they put them on the releases we already bought","Sons of ****,",negative,noon,60-70,Angola,32866272,1246700.0,26
28dbada620, *phew*  Will make a note in case anyone else runs into the same issueÃ¯Â¿Â½,*phew*  Will make a note in case anyone else runs into the same issueÃ¯Â¿Â½,neutral,morning,0-20,Yemen,29825964,527970.0,56
b159318d76,Bah a coworker ran into work late and her bag smacked into my knee  it really hurts now,hurts,negative,night,31-45,"Eswatini (fmr. ""Swaziland"")",1160164,17200.0,67
684081e4e7,"RATT ROCKED NASHVILLE TONITE..ONE THING SUCKED, NO ENCORE!  LIKE IN THE 80`S THEY STILL HAVE A FUN SHOW. PEARCY HAS THAT HOTT BAD BOY LOOK","RATT ROCKED NASHVILLE TONITE..ONE THING SUCKED, NO ENCORE!  LIKE IN THE 80`S THEY STILL HAVE A FUN SHOW. PEARCY HAS THAT HOTT BAD BOY LOOK",neutral,noon,21-30,Cyprus,1207359,9240.0,131
234093bef1, which means you`re just going to have to come back to vancouver and have it our way! hahah,which means you`re just going to have to come back to vancouver and have it our way! hahah,neutral,morning,0-20,Bosnia and Herzegovina,3280819,51000.0,64
e4e9b8713a,My back hurts...really bad,.really bad,negative,noon,60-70,Somalia,15893222,627340.0,25
7e1757d4f0,"Unfortunatley, AerLingus no longer fly to Copenhagen so we`re have to fly Ryanair to Billund and drive up to Copenhagen one of the days!","Unfortunatley,",negative,noon,60-70,Romania,19237691,230170.0,84
088c60f138,my boss is bullying me...,bullying me,negative,night,31-45,Algeria,43851044,2381740.0,18
4700be3234,just got up and updated my ipod,just got up and updated my ipod,neutral,noon,21-30,Belgium,11589623,30280.0,383
2ece7f3810,  hope he is ok!,hope,positive,night,31-45,Guyana,786552,196850.0,4
ae21c1ac38,The exception for a short dude: Larenz fineass Tate yum,The exception for a short dude: Larenz fineass Tate yum,neutral,night,31-45,Chile,19116201,743532.0,26
ddf296dffa,egh blah and boooooooooooo i dunno wanna go to work  HANGOVERS SUCKKKKKK Im a drunk mess!,SUCKKKKKK,negative,noon,60-70,Denmark,5792202,42430.0,137
6ed347b1a5,Finally got a call for marriage counseling 3 days late....,Finally got a call for marriage counseling 3 days late....,neutral,noon,60-70,United Arab Emirates,9890402,83600.0,118
c9091836ce,"My frist post... Off to find a new car for my parents, exciting!",exciting!,positive,noon,21-30,Romania,19237691,230170.0,84
e5c6a6bb5a, yes! sober HAHAHA tanghaling tapat dude! haha WILD. i don`t knowwww  plan plan  before you go to US!,HAHAHA,positive,night,31-45,Belize,397628,22810.0,17
1d6411e9dd,"failed inspection. Did you know you can pass wo/oven, but not wo/anti-tip bracket, which is only sold w/oven? This is worse than taxes.",This is worse than taxes.,negative,morning,46-60,Cambodia,16718965,176520.0,95
02c004bc2d,I am tres depressed,depressed,negative,night,70-100,Jordan,10203134,88780.0,115
799f65f193, Yes it does. Please dont` go. If you die I will cry.. which normally leads to small animals getting harmed,g harmed,negative,night,31-45,Ghana,31072940,227540.0,137
242d92151a,Walking to class. I hate not having a bike....especially mine.,I hate not having a bike..,negative,noon,21-30,Côte d'Ivoire,26378274,318000.0,83
04dd1d2e34,i want to go to music tonight but i lost my voice.,lost,negative,noon,21-30,Bangladesh,164689383,130170.0,1265
8407ac30b0, I`m sad that I missed you guys last night!,sad,negative,morning,46-60,Ukraine,43733762,579320.0,75
e1546f901a,FTSK and Mercy Mercedes were amazing tonight.. as always,were amazing tonight..,positive,noon,21-30,Guinea-Bissau,1968001,28120.0,70
a9d499e123,The girl in the hair salon asked me 'Shall I trim your eyebrows!' How old do I feel?,The girl in the hair salon asked me 'Shall I trim your eyebrows!' How old do I feel?,neutral,morning,46-60,Democratic Republic of the Congo,89561403,2267050.0,40
1b6380b1b3,Getting ready for week  Its too nice today to be stuck inside working!,Its too nice,positive,noon,60-70,Japan,126476461,364555.0,347
4e6a5c0034,"_Laurie sending love, blessings & healing thoughts to you & family  peace","sending love, blessings & healing thoughts to you & family  peace",positive,morning,46-60,Solomon Islands,686884,28000.0,25
af90ad5989," Poor you  Get outside and sleep in the garden, the sun will do you good. But don`t forget suncream!!!",Poor you,negative,morning,46-60,New Zealand,4822233,263310.0,18
e00c6ef376,"the free fillin` app on my ipod is fun, im addicted","the free fillin` app on my ipod is fun, im addicted",positive,noon,21-30,Bulgaria,6948445,108560.0,64
4cd390c007,"Still no reply from  about my SimFinger problem  So no iRape parody video until I get a response, sorry guys",", sorry guys",negative,morning,0-20,Jamaica,2961167,10830.0,273
8f3e73cf09,"Screw the reviews, I thought Wolverine was awesome. But not enough Dominic Monaghan for my liking.",I thought Wolverine was awesome.,positive,morning,46-60,China,1439323776,9388211.0,153
d93afa85cf," Car not happy, big big dent in boot! Hoping theyre not going to write it off, crossing fingers and waiting","Car not happy, big big dent in boot! Hoping theyre not going to write it off, crossing fingers and waiting",neutral,noon,60-70,Costa Rica,5094118,51060.0,100
90f3d2b572, what fun are you speaking of?,what fun are you speaking of?,neutral,night,70-100,Finland,5540720,304000.0,18
7a718b23ef,_Sanderson What`s with Twatter lately?  Either I can`t get on or the replies don`t turn up!,What`s with Twatter lately?  Either I can`t get on or the replies don`t turn up!,neutral,noon,21-30,Angola,32866272,1246700.0,26
447dc22c81, hemp cloth is marvelous but unfortunately no,unfortunately,negative,noon,21-30,Libya,6871292,1759540.0,4
58c435d2cf, more nightmares?  *huggles*,more nightmares?  *huggles*,neutral,night,70-100,Australia,25499884,7682300.0,3
a6fccce9db,should be sleeping.  lost my voice a couple day ago.,lost my voice,negative,night,31-45,Antigua and Barbuda,97929,440.0,223
38271074d1,I`m starving!! This diet is killing me but I can`t eat after 8pm,This diet is killing me,negative,night,31-45,Zimbabwe,14862924,386850.0,38
7436ec1a2c," yeah I was thinking about that ,ahaha",",ahaha",positive,night,70-100,Ecuador,17643054,248360.0,71
a54d3c2825," I know   It was worth a shot, though!",as wort,positive,morning,46-60,Mongolia,3278290,1553560.0,2
96a4ce0d47,almost died. Laptop screen was set to 100% brightness after I reinstalled Windows Vista. Got a headache now  #insanedefaults,died.,positive,morning,0-20,Ethiopia,114963588,1000000.0,115
561b44a42f, have a safe trip joshy poo.......you`ll knock them dead at your speech,safe,positive,morning,0-20,Mauritania,4649658,1030700.0,5
187494c25b," If you know such agent, do let me know","If you know such agent, do let me know",neutral,morning,46-60,Guinea,13132795,246000.0,53
ea3320d696,"Before I get too distracted, I`d like to thank my new followers for taking the trouble to follow me! And to my others: feelin the love","Before I get too distracted, I`d like to thank my new followers for taking the trouble to follow me! And to my others: feelin the love",positive,noon,60-70,North Korea,25778816,120410.0,214
16fab9f95b,I really really like the song Love Story by Taylor Swift,like,positive,night,70-100,Bahamas,393244,10010.0,39
d22e6d40a7,Went to sleep and there is a power cut in Noida  Power back up not working too,Power back up not working too,negative,night,70-100,Cabo Verde,555987,4030.0,138
61a8e11e8a," CASEY`S GONE?!?! BUT WHY?! So, she piddled a little on the carpet. She`s prolly freaked cause it`s new. Can we get her back?",freaked,negative,morning,0-20,Liberia,5057681,96320.0,53
f0db54f5bf,im soo bored...im deffo missing my music channels,bored..,negative,noon,60-70,Albania,2877797,27400.0,105
9668542b2a,Argh noo! Missed The Killers on Wossy!  That sucks! Missed out on Brandon. Total failure! Anyone know if it`s repeated? Must investigate!,That sucks!,negative,night,31-45,Russia,145934462,16376870.0,9
94bd67443c,OK - I`m out of here for now. Just popped in to say Hi and check on things. I`ll probably head to the guttah later on tonight,OK - I`m out of here for now. Just popped in to say Hi and check on things. I`ll probably head to the guttah later on tonight,neutral,morning,46-60,Hungary,9660351,90530.0,107
3e880ec28d,  WHAT ABOUT ME ??  I VOTE EVERY DAY FOR YOU !!!!!,WHAT ABOUT ME ??  I VOTE EVERY DAY FOR YOU !!!!!,negative,noon,21-30,Zambia,18383955,743390.0,25
15e01e1749," Certainly not Cheers than, huh?","Certainly not Cheers than, huh?",neutral,night,70-100,Madagascar,27691018,581795.0,48
e70d294d95,@_Ra_Ra_ your not alone...i need coffee too.,your not alone...i need coffee too.,neutral,noon,60-70,Bulgaria,6948445,108560.0,64
9d3a1e0269,really hopes her car`s illness is not terminal...,illness,negative,noon,60-70,Tunisia,11818619,155360.0,76
6402e14398,"Wolverine Was BOSS! Seriously, And Will.I.Am Was In It, What The **** ??","Seriously,",negative,night,31-45,Equatorial Guinea,1402985,28050.0,50
95e12b1cb1,  He`s awesome... Have you worked with him before? He`s a good friend.,s awesome,positive,morning,0-20,Greece,10423054,128900.0,81
cb1b0d191d,"missed all the awesome weather, because she was in a movie!","missed all the awesome weather,",negative,noon,21-30,Poland,37846611,306000.0,124
4f5267ad70,"Thats it, its the end. Tears for Fears vs Eric Prydz, DJ Hero   http://bit.ly/2Hpbg4","Thats it, its the end. Tears for Fears",neutral,night,70-100,Chile,19116201,743532.0,26
5680a0b488, u think u have bills Ha!Ii just finished paying mine that`s y I`m broke,I`m broke,negative,night,70-100,North Macedonia,2083374,25220.0,83
3fcea4debc, which case? I got a new one last week and I`m not thrilled at all with mine.,d I`m not thrilled at all with mine.,negative,noon,21-30,Dominican Republic,10847910,48300.0,225
2339a9b08b," as much as i love to be hopeful, i reckon the chances are minimal =P i`m never gonna get my cake and stuff","as much as i love to be hopeful, i reckon the chances are minimal =P i`m never gonna get my cake and stuff",neutral,noon,60-70,Azerbaijan,10139177,82658.0,123
151c10cc39,"JONAS BROTHERS - Live to party.                It`s rocking so hard     I love the song,",JONAS BROTHERS - Live to party.                It`s rocking so hard,positive,noon,60-70,Cameroon,26545863,472710.0,56
ef74bab7f3," Congrats!  I cuss like that in a matter of minutes, But didn`t know until now there is a reward for it.","Congrats!  I cuss like that in a matter of minutes, But didn`t know until now there is a reward for it.",neutral,night,70-100,Peru,32971854,1280000.0,26
4c71b5fb91,2 days without sleep and now a migraine. I thought life postR01 was meant to be relaxing,now a migraine.,negative,morning,46-60,Palau,18094,460.0,39
d421fbd332,"Thank you, Afrin Nasal Spray! Also, I got a giant teacup tonight!","Thank you,",positive,noon,60-70,Moldova,4033963,32850.0,123
7df7221145,  that`s why I need to be there...To represent the Blackberries,that`s why I need to be there,positive,morning,0-20,Democratic Republic of the Congo,89561403,2267050.0,40
82b75647fd,We`re having an impromptu pool party... Except I don`t know how to swim so I can`t get in,We`re having an impromptu pool party... Except I don`t know how to swim so I can`t get in,neutral,night,31-45,Uzbekistan,33469203,425400.0,79
1996048e7a,decided 2 trans frm relaxed 2 natural hair but i wish my whole head looked like my roots.  Age of the instant gratification....,i wish,positive,morning,46-60,Papua New Guinea,8947024,452860.0,20
97334eb7c0,"Well good morning all, What a wonderful day in the neighborhood  Thanks for all those that are now following another 60 this morning","Well good morning all, What a wonderful day in the neighborhood  Thanks for all those that are now following another 60 this morning",positive,morning,0-20,Guinea,13132795,246000.0,53
29dfaf5e3b,"Shopping. Cleaning. BMFing. Webcam chatting with nephews. Nothing spesh, but a good bank holiday Monday nonetheless",good,positive,noon,60-70,Oman,5106626,309500.0,16
09ad12cc5c,"discovered cause of a bug in the new #NetPLAYER 4 build. Publishing bug fix now, hopefully new beta by tomorrow",hopefully,positive,night,70-100,Gambia,2416668,10120.0,239
061eb4c0de, I am lost. Please help me find a good home.,I am lost.,negative,noon,60-70,Saint Kitts and Nevis,53199,260.0,205
c3924dc9e4,:visiting my friendster and facebook,:visiting my friendster and facebook,neutral,night,70-100,Djibouti,988000,23180.0,43
bc02870b7d,URL in previous post (to timer job) should be http://bit.ly/a4Fdb. I`d removed space which messed up URL.  ^ES,messed,negative,noon,60-70,Tanzania,59734218,885800.0,67
9d2cffd953," I had it! On my itunes, but then I lost all my songs.","I had it! On my itunes, but then I lost all my songs.",neutral,morning,0-20,Nauru,10824,20.0,541
4a1ce7dc3b,Night of the cookers with my dad,Night of the cookers with my dad,neutral,morning,0-20,South Korea,51269185,97230.0,527
64ed512788,Sick. With a flu like thing.,Sick.,negative,night,70-100,Italy,60461826,294140.0,206
6086b1f016,will be back later.  http://plurk.com/p/rp3k7,will be back later.,neutral,morning,46-60,Ethiopia,114963588,1000000.0,115
2a5bb8d827," Happy b-day! Just woke up on this side of Earth, so wishes are bit late",Happy b-day!,positive,noon,60-70,Iran,83992949,1630000.0,52
7b69f49c42,tonight in party w/ my girls (minus vita),tonight in party w/ my girls (minus vita),positive,morning,0-20,Mali,20250833,1220190.0,17
c78bf59e67,  #lichfield #tweetup sounds like fun  Hope to see you and everyone else there!,p sounds like fun,positive,noon,60-70,Sudan,43849260,1765048.0,25
0c4aa867d0,"'you can ride one, you can catch one, but its not summer til you pop open one'  ?","'you can ride one, you can catch one, but its not summer til you pop open one'  ?",neutral,noon,21-30,Holy See,801,0.0,2003
9a6f4d05d5,"35mins through the 1hr 20mins Google Wave demo, that looks a lot of fun, would love to test it though.  http://bit.ly/WnMSc",would love to test it though.,positive,morning,0-20,Central African Republic,4829767,622980.0,8
20ec7c7c32,I WANT RED CRUISERS!!  i don`t like the other ones. LMFAO!,i don`t like the other ones.,negative,noon,60-70,Seychelles,98347,460.0,214
9843c4688e, hahaa your awesomee !,hahaa your awesomee !,positive,morning,46-60,Mozambique,31255435,786380.0,40
c6d0c7676c, Namaskar & Namaste r both the same. Marathi people say Namaskar! its a marathi word.... should i ? ...naaaah !,Namaskar & Namaste r both the same. Marathi people say Namaskar! its a marathi word.... should i ? ...naaaah !,neutral,noon,60-70,Paraguay,7132538,397300.0,18
bbbc46889b, THANK YYYYYYYYYOOOOOOOOOOUUUUU!,THANK YYYYYYYYYOOOOOOOOOOUUUUU!,positive,night,31-45,Iraq,40222493,434320.0,93
ba83f744d8,You know your neck is jacked up when you are forced to pay for parking bc you can`t turn you head to parallel park in the free spaces...,You know your neck is jacked up when you are forced to pay for parking bc you can`t turn you head to parallel park in the free spaces...,negative,morning,0-20,Latvia,1886198,62200.0,30
2f5c77dfb3, oh nice going!,oh nice going!,positive,night,31-45,San Marino,33931,60.0,566
4bda359cbb,Done at the spa   now meeting vic for some late lunch!,Done at the spa   now meeting vic for some late lunch!,neutral,noon,21-30,Costa Rica,5094118,51060.0,100
a91ca2ffae," *laughs* I`m glad that you have self confidence - it`s a wonderful trait to have  I`ll applaud extra loud for it, okay?",glad,positive,noon,21-30,Israel,8655535,21640.0,400
d8ba2a99a9, romance zero is funny,romance zero is funny,positive,morning,0-20,Eritrea,3546421,101000.0,35
2863f435bd,"A little happy for the wine jeje ok it`sm my free time so who cares, jaja i love this day",A little happy fo,positive,morning,46-60,Congo (Congo-Brazzaville),5518087,342000.0,16
5e4eac2b2e, its the best show EVER!,its the best show EVER!,positive,morning,46-60,Tajikistan,9537645,139960.0,68
ae71041e21,Candle wax is very enjoyable.,enjoyable.,positive,noon,60-70,Samoa,198414,2830.0,70
cd0d522bb1,"His snoring is so annoying n it keeps me from sleeping (like right now, lol) but I honestly wud miss it if it eva left  I love him.","His snoring is so annoying n it keeps me from sleeping (like right now, lol) but I honestly wud miss it if it eva left  I love him.",neutral,morning,46-60,Kazakhstan,18776707,2699700.0,7
c5645758be,"Trying to decide on a movie with the friends.. not going to well! lol :p  No bible study 2nite, which means ****-day cake  buy my own??",not going to well!,negative,night,31-45,Finland,5540720,304000.0,18
ce69e99e71,I`m not sleeping at all until  accepts my appology,I`m not sleeping at all un,negative,noon,21-30,El Salvador,6486205,20720.0,313
fa2654e730,Chilliin,Chilliin,positive,night,31-45,Guatemala,17915568,107160.0,167
2dc0dc0d5d,Grabbing coffee from  then making mom breakfast,Grabbing coffee from  then making mom breakfast,neutral,morning,46-60,Bahrain,1701575,760.0,2239
0c0563423e, Miles from you   I`m in Essex so give me plenty of warning so I can arrive in time to get at least one of those free beers.,Miles from you   I`m in Essex so give me plenty of warning so I can arrive in time to get at least one of those free beers,neutral,night,31-45,Jordan,10203134,88780.0,115
15d5f3a41b," also bored at school, its my third freelesson( freistunde )","also bored at school, its my third freelesson( freistunde )",neutral,morning,46-60,Egypt,102334404,995450.0,103
d33f811375,I`m going home now. Have you seen my new twitter design? Quite....heavenly isn`****?,Quite....heavenly,positive,morning,0-20,Cambodia,16718965,176520.0,95
703afdc44b,Aw. Torn ace of hearts  #Hunchback,Torn ace of hearts,negative,noon,60-70,Fiji,896445,18270.0,49
3e67a75303,Today is going to be a normal day for I hope. We had a group of pilots from a large airline come in last night so it was too much drink,Today is going to be a normal day for I hope. We had a group of pilots from a large airline come in last night so it was too much drink,neutral,night,31-45,Portugal,10196709,91590.0,111
a76f9cf8ce, SWEEEEET - San Fran is awesome!!!!  Love it there,Love it there,positive,morning,0-20,Kuwait,4270571,17820.0,240
1c31703aef, If it is any consolation I got my BMI tested hahaha it says I am obesed  well so much for being unhappy for about 10 minutes.,well so much for being unhappy for about 10 minute,negative,night,31-45,Canada,37742154,9093510.0,4
5069ae7a15," I watched that too!!! I didnt want her to win, but she put up a good fight..lol","I watched that too!!! I didnt want her to win, but she put up a good fight..lol",neutral,noon,21-30,Saint Kitts and Nevis,53199,260.0,205
97625460cf, ok then,ok then,neutral,night,70-100,United Kingdom,67886011,241930.0,281
b948984e8d,Mmmmmmmm... ? it in the morning,Mmmmmmmm... ? it in the morning,neutral,night,70-100,Sierra Leone,7976983,72180.0,111
0c8cc71c46,SEe waT I Mean bOuT FoLL0w fRiiDaYs... It`S cALLed LoSe f0LloWeRs FridAy... smH,SEe waT I Mean bOuT FoLL0w fRiiDaYs... It`S cALLed LoSe f0LloWeRs FridAy... smH,neutral,morning,0-20,Brunei,437479,5270.0,83
0cb4504f2c,Sleepy Tabz is heading to bed.  Fun night! Listened through the next episode of Joss`d!,Fun night!,positive,noon,21-30,Chad,16425864,1259200.0,13
11084dac09, it is ****...u have dissappointed me that past few days,it is ****...u have dissappointed me that past few days,negative,night,70-100,Equatorial Guinea,1402985,28050.0,50
5f93cc70ff,Bugger. forgot I still have washing in my machine,Bugger. forgot I still have washing in my machine,negative,night,31-45,Slovenia,2078938,20140.0,103
e050245fbd, Both of you,Both of you,neutral,night,31-45,Australia,25499884,7682300.0,3
e6ee6826df,I AM SUCH A CREEPER  I feel disappointed because of it. **** my cyberstalking skills   the internet = no more privacy.,I AM SUCH A CREEPER  I feel disappointed because of it. **** my cyberstalking skills   the internet = no more privacy,negative,morning,0-20,Austria,9006398,82400.0,109
a6c61eac26, she is good! so gor-juz yea i kno i asked her yesterday when we were at tha hospital if she talked to u and she said no,she is good! so gor-juz yea i kno i asked her yesterday when we were at tha hospital if she talked to u and she said no,neutral,night,31-45,Honduras,9904607,111890.0,89
ebcdf07ac5,"1 week post my'horrible, traumatic jumping cholla accident.'-cholla`s next dirty trick:pieces are starting to emerge from my hand! Ouch!","horrible,",negative,morning,0-20,Malawi,19129952,94280.0,203
2a9765b7f9,I give in to easily,I give in to easily,negative,night,31-45,Gambia,2416668,10120.0,239
894e188d01,HAPPY MOTHERS DAY.!,HAPPY,positive,morning,0-20,Ireland,4937786,68890.0,72
11c10e3fc5," She`s unassuming and unpretentious. She`s just, as. I suppose that`s why she`s so endearing--because we can relate to her",endearing-,positive,night,70-100,San Marino,33931,60.0,566
401869d615,graduation is done  im a little sad.. anyone want to hang out???,sad.,negative,night,31-45,Morocco,36910560,446300.0,83
e73425ffdc,Big booming thunder storm almost here.  Maybe we can all go home early???  Ah... probably not.,Big booming thunder storm almost here.  Maybe we can all go home early???  Ah... probably not.,neutral,night,70-100,Suriname,586632,156000.0,4
7733e8541a,Ok so I`ve now got a bit of a bad back after lifting all drum hardware into my car   downer.,bad,negative,morning,0-20,Saint Vincent and the Grenadines,110940,390.0,284
549e992a42, Sooo SAD I will miss you here in San Diego!!!,Sooo SAD,negative,noon,21-30,Albania,2877797,27400.0,105
e77fd45003, I`d rather do the early run..but I am a morning runner,I`d rather do the early run..but I am a morning runner,neutral,noon,21-30,Estonia,1326535,42390.0,31
7d8c4c11e4,i hope unni will make the audition . fighting dahye unni !,hope,positive,noon,21-30,Cameroon,26545863,472710.0,56
c34feef039,Yay playing a show tonight! Boo it`s gonna soggy and I`m at work right before playing,Yay playing a show tonight! Boo it`s gonna soggy and I`m at work right before playing,neutral,noon,21-30,Grenada,112523,340.0,331
bb61a7094b,today is a busy day. exhausting!,exhausting!,negative,morning,0-20,New Zealand,4822233,263310.0,18
bdc32ea43c,On the way to Malaysia...no internet access to Twit,.no internet,negative,morning,46-60,Burundi,11890784,25680.0,463
e5160216a5,ohh my tooth is hurts ohh  im sad it very hurts,im sad it very hurts,negative,morning,46-60,Nigeria,206139589,910770.0,226
d0d3c6f298, cool i wear black most of the time when i go out,cool i wear black most of the time when i go out,neutral,noon,60-70,Malta,441543,320.0,1380
74a76f6e0a,My Sharpie is running DANGERously low on ink,DANGERously,negative,morning,0-20,Bahrain,1701575,760.0,2239
f3cf8ec01b,Humous and Dorito`s.... Oh yes,Humous and Dorito`s.... Oh yes,neutral,morning,0-20,Philippines,109581078,298170.0,368
bffa3ddd61,i miss you bby      wish you were going tomorrow to make me do good.,i miss you bby,negative,noon,60-70,Kenya,53771296,569140.0,94
327a009a7d,at least I get to watch over time  Let`s go Pens!!,at least I get to watch over time  Let`s go Pens!!,neutral,morning,46-60,Mali,20250833,1220190.0,17
b495300bbf, those splinters look very painful...but you were being very heroic saving mr. Pickle,painful.,negative,morning,0-20,Palau,18094,460.0,39
1594011c6d,Laying in bed til workkk... Oh the life. Definitely pinched a nerve.,Definitely pinched a nerve.,negative,night,70-100,Netherlands,17134872,33720.0,508
22d1806fa0,"I hate Fallout 3 it keeps making me jump, I`m also low on health, money, ammo and food  don`t worry I`ll get through it.","I hate Fallout 3 it keeps making me jump, I`m also low on health, money, ammo and food  don`t worry I`ll get through it.",neutral,night,70-100,Namibia,2540905,823000.0,3
55bacda5eb,waiting for sleeping pills to kick in... gonna be so tired at work tomorrow,tired,negative,morning,46-60,Latvia,1886198,62200.0,30
287755c5dd, I`ve heard this fall. I`m waiting too!,I`ve heard this fall. I`m waiting too!,neutral,noon,60-70,Armenia,2963243,28470.0,104
b2c9f115b1, My sources say no,My sources say no,neutral,night,70-100,India,1380004385,2973190.0,464
2724775d6b,Born and raised in NYC and living in Texas for the past 10 years!  I still miss NY,miss,negative,morning,0-20,China,1439323776,9388211.0,153
fd285fe74a, me too. I hate my computer so much..,hate,negative,night,31-45,Senegal,16743927,192530.0,87
a05aea73d7," woof, I wish I was allowed to go",I wish I was allowed to go,positive,noon,21-30,Mauritius,1271768,2030.0,626
e9f7f78cfa,mcfly gig last nightt omg it was amazin didnt sit down through the whole thing  mcfly did you see me and ma best mate we were in tutus,it was amazin,positive,night,31-45,Pakistan,220892340,770880.0,287
40649553ef, haha I do not know how to work blip apart from the obvious! thanks for reblipping my song  have a nice day ****,thanks,positive,night,70-100,Marshall Islands,59190,180.0,329
51f4502988,"My dog is officially depressed that my brother`s dogs are gone. He doesn`t want to go outside and when we did, he play half-heartedly.",officially depressed,negative,night,70-100,Portugal,10196709,91590.0,111
e02cf4af4c,happy mother`s day to all moms out there...,happy,positive,night,31-45,Bahamas,393244,10010.0,39
92e1b6846e, We saw that in none 3D - the baddie`s the best,best,positive,morning,46-60,Lithuania,2722289,62700.0,43
a4e00d4d26, a celtics-lakers rematch sounds better don`t you think? lol,better,positive,night,70-100,Guyana,786552,196850.0,4
2dcd8766a8,yellow for   ? http://blip.fm/~5z05g,yellow for   ? http://blip.fm/~5z05g,neutral,night,70-100,Bolivia,11673021,1083300.0,11
6ce4a4954b,juss came backk from Berkeleyy ; omg its madd fun out there  havent been out there in a minute . whassqoodd ?,fun,positive,noon,60-70,Côte d'Ivoire,26378274,318000.0,83
f0460d611d,not well,not well,negative,noon,60-70,Nicaragua,6624554,120340.0,55
931a866d3f,"Had nicotine replacement patch on for 4 hours. So far, so good, but I did sleep for most of those 4 hours. Getting a bit twitchy now","So far, so good, but I did sleep for most of those 4 hours. Getting a bit twitchy now",neutral,morning,0-20,Andorra,77265,470.0,164
d723ea3299," doing pretty well, up and wide awake","doing pretty well,",positive,night,31-45,Peru,32971854,1280000.0,26
90a2cdb657,What better way to spoil mum than to let her kick back and relax over a nice meal and a bottle of her favorite wine? Our wine was a red,favorite,positive,morning,46-60,Georgia,3989167,69490.0,57
98f25bc596,mannnn..... _ got an iphone!!! im jealous....  http://bit.ly/NgnaR,jealous..,negative,noon,60-70,Germany,83783942,348560.0,240
e5e2d9d1f3, _ i am glad to break my twitter virginity with you two.,glad,positive,night,70-100,Mexico,128932753,1943950.0,66
a8734230b6,Ew traffic,Ew traffic,negative,night,31-45,Brazil,212559417,8358140.0,25
417176c08e,who watched X-men origins: wolverine? i totally loved it! haha,i totally loved it!,positive,noon,21-30,Tuvalu,11792,30.0,393
af3fed7fc3,is back home now      gonna miss every one,onna,negative,morning,0-20,Benin,12123200,112760.0,108
3d2fcd78c8,Happy Star Wars day everyone! and Enjoy the holiday (UK),Happy Star Wars day everyone! and Enjoy the holiday (UK),positive,noon,21-30,Japan,126476461,364555.0,347
8a939bfb59,"Uh oh, I am sunburned","Uh oh, I am sunburned",negative,morning,46-60,Belarus,9449323,202910.0,47
e3731b6ce8, what`s goin on hun?  I`m worried about you,m worried,negative,night,31-45,Madagascar,27691018,581795.0,48
b6b35af246, thanks. before the major chop.,thanks. before the major chop.,neutral,night,70-100,Barbados,287375,430.0,668
a3de81e1ba, Hi  how are you doing ???  *just joined twitter...*,Hi  how are you doing ???  *just joined twitter...,neutral,night,31-45,Laos,7275560,230800.0,32
24532ab83c,"at dads, watching some mtv and am going on sims2 in a minutee","at dads, watching some mtv and am going on sims2 in a minutee",neutral,morning,0-20,Nigeria,206139589,910770.0,226
0404648e1c,?sucks!?..,?sucks!?..,negative,night,70-100,Panama,4314767,74340.0,58
fd9fb4f1ad,i realy wanted to go out cause its so nice but everybodys busy,busy,negative,noon,21-30,Malaysia,32365999,328550.0,99
85ec413e54, http://twitpic.com/4jaz5 - Cool... luv it,luv,positive,night,70-100,Czechia (Czech Republic),10708981,77240.0,139
4c41a35a2a,Happy Mothers day to all you Mums out there,Happy Mothers day to all you Mums out there,positive,night,70-100,Lesotho,2142249,30360.0,71
294df18b9f," I saw the play of it here, it was amazing",amazing,positive,noon,60-70,Mauritius,1271768,2030.0,626
04e2e334de,"Anyone have an extra Keane ticket? I promise to buy you a drink and take rad pics for your FB / Blog / Flickr., etc","Anyone have an extra Keane ticket? I promise to buy you a drink and take rad pics for your FB / Blog / Flickr., etc",neutral,morning,0-20,Haiti,11402528,27560.0,414
852edc3769,  I`m sorry.,I`m sorry.,negative,night,31-45,Burkina Faso,20903273,273600.0,76
f1f5e8edfa,I Miss Daddy and Mommy,I Miss Daddy and Mommy,negative,noon,60-70,Poland,37846611,306000.0,124
c017d0c221,http://twitpic.com/66xlm -  hate when my PARKED car gets hit,hate,negative,morning,46-60,Argentina,45195774,2736690.0,17
2dc51711bc, That`s very funny.  Cute kids.,funny.,positive,morning,46-60,Central African Republic,4829767,622980.0,8
80481307d5,Happy Mothers Day people. i love my mom a lot still,Happy Mothers Day people. i love my mom a lot still,positive,noon,21-30,Kenya,53771296,569140.0,94
e3cc598980," That`s awesome dude, yay for surprise celebrities!  I got to meet him a few years ago, he was soooo friendly.",", he was soooo friendly.",positive,morning,46-60,Kuwait,4270571,17820.0,240
c25871ec9e," Not going to dwell on it. It happened, it`s passed. Just a shame as he was so supportive! Such is life!  x",shame,negative,noon,21-30,Myanmar (formerly Burma),54409800,653290.0,83
e48b0b8a23,Playing Ghost Online is really interesting. The new updates are Kirin pet and Metamorph for third job.  Can`t wait to have a dragon pet,interesting.,positive,morning,46-60,Bosnia and Herzegovina,3280819,51000.0,64
7de057cf40,is cleaning the house for her family who is comming later today..,is cleaning the house for her family who is comming later today..,neutral,noon,60-70,Botswana,2351627,566730.0,4
24ee55f264,today was the last day of high school for me and i ended up going home sick! ... stupid dead rats,sick!,negative,noon,21-30,Uruguay,3473730,175020.0,20
9339ee8e0b, Well what im working on isn`t QUITE ready to post about publicly (still beta testing) but its a cool new script I coded,cool,positive,night,70-100,Kiribati,119449,810.0,147
a97db072ed,Gonna celebrate Mothers Day with the family but gonna start the partying tonite,partying,positive,noon,60-70,Saudi Arabia,34813871,2149690.0,16
48cdcd5f28,Car-warmed Sprite tastes like sore throat,Car-warmed Sprite tastes like sore throat,negative,night,31-45,Saint Lucia,183627,610.0,301
9642c003ef, what interview! leave me alone,leave me alone,negative,morning,46-60,Andorra,77265,470.0,164
c77717b103, I love to! But I`m only available from 5pm.  and where dear? Would love to help  convert her vids.Ã¯Â¿Â½,I love to!,positive,night,31-45,Czechia (Czech Republic),10708981,77240.0,139
1cbc812ece,"just in case you wonder, we are really busy today and this coming with with adding tons of new blogs and updates stay tuned","just in case you wonder, we are really busy today and this coming with with adding tons of new blogs and updates stay tuned",neutral,noon,21-30,Colombia,50882891,1109500.0,46
3440297f8b," S`ok, trying to plot alternatives as we speak *sigh*",*sigh*,negative,noon,60-70,Belgium,11589623,30280.0,383
9c4817f73b,if u have a friendster add me!!!!!!!!!        my email adress      add me  loco_crime_1st.com        add me leave some comment,if u have a friendster add me!!!!!!!!!        my email adress      add me  loco_crime_1st.com        add me,neutral,night,31-45,Mexico,128932753,1943950.0,66
05a0e60f99, I`m sorry to hear that.,sorry,negative,night,31-45,Kiribati,119449,810.0,147
01b2476dd7,going to bed its late and I have headache,headache,negative,noon,21-30,Azerbaijan,10139177,82658.0,123
b5dd587dd2, Sorry to hear ur flight got cancelled  that blows!!!,Sorry,negative,night,31-45,Niger,24206644,1266700.0,19
ca832cad51,Feeling smooth like chrome,Feeling smooth,positive,noon,21-30,Botswana,2351627,566730.0,4
ba309a37d1,can`t school just be done already? it hurts too much... seeing him every day,it hurts too much...,positive,morning,46-60,Haiti,11402528,27560.0,414
1af124bc1c, Always have wanted to go to Oz,Always have wanted to go to Oz,neutral,morning,46-60,Cuba,11326616,106440.0,106
e651d415c6, nite nite bday girl  have fun at concert,e fun,positive,night,70-100,Algeria,43851044,2381740.0,18
b63ed6da62,eating ice cream and then getting ready for graduation.,eating ice cream and then getting ready for graduation.,neutral,noon,60-70,Lebanon,6825445,10230.0,667
c4ab28566e,Ship. I`m stuck.,Ship. I`m stuck.,negative,night,70-100,Morocco,36910560,446300.0,83
50e14c0bb8,Soooo high,Soooo high,neutral,noon,21-30,Armenia,2963243,28470.0,104
40e7becabf,Hes just not that into you,Hes just not that into you,neutral,noon,21-30,Bhutan,771608,38100.0,20
6b018d3d2d, Awesome.  I`m down in Ocean Beach (if you know where that is.) By the way. 'YourBiggestFan' I`m a re-al big fan of you-rs.,Awesome.,positive,night,31-45,Maldives,540544,300.0,1802
504539e6ec, why are you sad?,sad?,negative,noon,21-30,Palestine State,5101414,6020.0,847
87fbf14655,holy smokes! star trek was freaking awesomeeeee,awesomeeeee,positive,noon,60-70,Myanmar (formerly Burma),54409800,653290.0,83
d06582e26d,writing report cards  soooo tired but what an amazing day. check it out on fb soon!,what an amazing day.,positive,morning,46-60,Greece,10423054,128900.0,81
abbd0db2a5, Nope I am in Coquitlam,Nope I am in Coquitlam,neutral,night,31-45,Spain,46754778,498800.0,94
dbbbbe6059,"thank you for teaching me values and to be a better person each day  I LOVE SO MUCH, YOU`RE THE BEST MUM IN THE WORLD",thank,positive,night,70-100,Iraq,40222493,434320.0,93
3408db03a3,Gonna read a story bout adam lambert online then bed. Nighty night,Gonna read a story bout adam lambert online then bed. Nighty night,neutral,night,31-45,Liechtenstein,38128,160.0,238
8d09044937,i need to get my computer fixed,i need to get my computer fixed,neutral,morning,46-60,Trinidad and Tobago,1399488,5130.0,273
28b57f3990,http://www.dothebouncy.com/smf - some shameless plugging for the best Rangers forum on earth,http://www.dothebouncy.com/smf - some shameless plugging for the best Rangers forum on earth,neutral,night,70-100,Antigua and Barbuda,97929,440.0,223
cd5d081760,seriously bored without anyone to talk to... but not tired enough for sleep,bored,negative,morning,46-60,Rwanda,12952218,24670.0,525
32e4ffe225,_420 why baby?,why baby?,neutral,morning,0-20,United States of America,331002651,9147420.0,36
8e1583cb08, Absolutely,Absolutely,neutral,noon,21-30,North Korea,25778816,120410.0,214
557e676fe4, I miss my neice  can`t wait to see her bad n grown ****! Lol,miss,negative,night,31-45,Tonga,105695,720.0,147
7b1927e748,happy mother`s day to all the mothers in the world.,happy,positive,night,70-100,Canada,37742154,9093510.0,4
35f393a245,"WOW, i AM REALLY MiSSiN THE FAM(iLY) TODAY. BADDD.",BADDD.,negative,noon,60-70,Iceland,341243,100250.0,3
f84b89a828, Sounds like me,Sounds like me,neutral,night,70-100,Burkina Faso,20903273,273600.0,76
ee9ec7a5a4," Hey, you change your twitter account, and you didn`t even tell me...","Hey, you change your twitter account, and you didn`t even tell me...",neutral,noon,21-30,Iran,83992949,1630000.0,52
f3d95b57b1, good morning,good morning,positive,night,31-45,Syria,17500658,183630.0,95
58d382e07a, lucky kid...i so wanna see loserville  pity im in oz....,lucky,positive,morning,46-60,Ireland,4937786,68890.0,72
52483f7da8,"i lost all my friends, i`m alone and sleepy..i wanna go home","i lost all my friends, i`m alone and sleepy..",negative,morning,0-20,France,65273511,547557.0,119
dabe649ee3,"Went to a party last night. Dindin and I showed up in matching outfits ) GREAT MINDS THINK ALIKE ) Anyway, happy birthday, ate lara",GREAT,positive,morning,46-60,Indonesia,273523615,1811570.0,151
80e45e833f,i think iv hurt my tooth  and eilish and cassie are having a drawing competiton to draw cookies and pineapples haha :L .,i think iv hurt my tooth  and eilish and cassie are having a drawing competiton to draw cookies and pineapples haha :L .,neutral,night,70-100,Thailand,69799978,510890.0,137
cb4d439ebc,fell asleep waiting for my ride!,fell asleep waiting for my ride!,neutral,noon,60-70,Israel,8655535,21640.0,400
04d17ef61e," oh Marly, I`m so sorry!!  I hope you find her soon!! <3 <3","oh Marly, I`m so sorry!!  I hope you find her soon!! <3 <3",neutral,night,31-45,Bolivia,11673021,1083300.0,11
02d140362f,"Has about 10 hours work to do, on a Sunday. Boo. I will find time for a two hour lunchbreak though. Yeah","Has about 10 hours work to do, on a Sunday. Boo. I will find time for a two hour lunchbreak though. Yeah",neutral,noon,21-30,Slovakia,5459642,48088.0,114
a3ae670885, Then you should check out http://twittersucks.com and connect with other tweeple who hate twitter,Then you should check out http://twittersucks.com and connect with other tweeple who hate twitter,neutral,night,31-45,Ecuador,17643054,248360.0,71
3c4a21b2cb, hm... Both of us I guess...,hm... Both of us I guess...,neutral,noon,60-70,El Salvador,6486205,20720.0,313
f3a77c2b5e,_nesmith,_nesmith,neutral,night,31-45,Cabo Verde,555987,4030.0,138
73fa7068a2," Yep, finished, chocked full of spelling and grammatical errors, but I`m cleaning it up tomorrow and popping it up  hehe",chocked,negative,noon,60-70,Libya,6871292,1759540.0,4
960bbdc0c3,goooooddd morning tweets!!  week three OF my workout. did i mention i got my new glasses yesterday?!?,goooooddd morning tweets!!,positive,noon,21-30,Saudi Arabia,34813871,2149690.0,16
b7a9ba95d0,Dinner with the fam... I have missed them,I have missed them,negative,morning,0-20,Micronesia,115023,700.0,164
6824c44c21, me neither,me neither,neutral,morning,0-20,Singapore,5850342,700.0,8358
fc2cbefa9d, Journey!? Wow... u just became cooler.  hehe... (is that possible!?),Wow... u just became cooler.,positive,morning,46-60,Austria,9006398,82400.0,109
1b1b02af59,Just came 11th in cross country and beat dumbo,Just came 11th in cross country and beat dumbo,neutral,morning,46-60,Saint Vincent and the Grenadines,110940,390.0,284
4c73ad2888,Saw James carville in the store today. His head is really that bald,Saw James carville in the store today. His head is really that bald,neutral,noon,60-70,Bhutan,771608,38100.0,20
5a254fbb98, no sir...i woulda put honey...but i don`t have any,no sir...i woulda put honey...but i don`t have any,neutral,morning,0-20,Turkmenistan,6031200,469930.0,13
fab6b7d16c,im an avid fan of **** magazine and i love your magazines,avid fan of,positive,night,70-100,Croatia,4105267,55960.0,73
23e1f7dca4,Is at a photoshoot.,Is at a photoshoot.,neutral,night,70-100,Ghana,31072940,227540.0,137
a655fbb5eb,"Aww, I love my daddy! He works 7 days a week almost all day and still tries to go to SF with all of us",I love my,positive,morning,0-20,Mongolia,3278290,1553560.0,2
7ff2dbbe25,"All the cool people I want to find for following today are #English, and I guess the English don`t tweet.","All the cool people I want to find for following today are #English, and I guess the English don`t tweet.",neutral,night,70-100,Turkey,84339067,770000.0,110
2bf5c7dba7, I VOTED!!! do u have a personal myspace? i keep talking to fakes   i <3 you. u helped me thru the hrdest time of my life! (: x,i <3 you. u helped me thru the hrdest time of my life!,positive,night,31-45,Uganda,45741007,199810.0,229
940eb93dd5, Had parent teacher thing yesterday!! So boring going to skl on saturday!!  lol,boring,negative,morning,46-60,Sri Lanka,21413249,62710.0,341
254546cd2c," What`s sad is that I actually had to google that term. That sucks, tho.","That sucks, tho.",negative,night,70-100,Russia,145934462,16376870.0,9
b09362ee8e, Im not bannished... but I am at work till 6,Im not bannished.,negative,morning,46-60,Malawi,19129952,94280.0,203
a5a1c996c0, fine! Going to do my big walk today 20 or so miles,fine!,positive,morning,46-60,Serbia,8737371,87460.0,100
19526ac03e,tomorrow valeria`s lunch!!! going to get my hair done but im arraving late   got my cousins babtizm or whatever you spell it,tomorrow valeria`s lunch!!! going to get my hair done but im arraving late   got my cousins babtizm or whatever you spell it,neutral,morning,0-20,Sao Tome and Principe,219159,960.0,228
148ac38bea, Yes i work 6 to 3...,Yes i work 6 to 3...,neutral,night,70-100,Comoros,869601,1861.0,467
3d9d4b0b55,"i donbt like to peel prawns, i also dont like going shopping, running out of money and crawling round the car looking for more",dont like go,negative,morning,0-20,Dominica,71986,750.0,96
6e0c6d75b1,2am feedings for the baby are fun when he is all smiles and coos,fun,positive,morning,0-20,Argentina,45195774,2736690.0,17
59e77db781,Watching Ellen Love her!! then doing the dishes  and tanning ...it`s gorgeous out!,.it`s gorgeous out!,positive,noon,21-30,Luxembourg,625978,2590.0,242
59cb0c3a14, I only do computers. Am hopeless at everything else,Am hopeless at everything else,negative,morning,0-20,Serbia,8737371,87460.0,100
641555ac70," Hmmm, maybe that`s what they meant. They eluded to something brand new but you know how the media is","Hmmm, maybe that`s what they meant. They eluded to something brand new but you know how the media is",neutral,morning,0-20,Congo (Congo-Brazzaville),5518087,342000.0,16
4ce121e2ad,_Mounce yes and it lasts way past my bedtime!,_Mounce yes and it lasts way past my bedtime!,neutral,noon,21-30,Kyrgyzstan,6524195,191800.0,34
ed084a1fa7,Happy monday  up and about going to tavares today. Hope everyone has a blessed day!,Happy,positive,night,31-45,Croatia,4105267,55960.0,73
4f84bea1cc, We never miss ICarly - my son has a huge crush on Miranda,crush,positive,morning,46-60,Benin,12123200,112760.0,108
079e4e3472,or even NOOOOO NOT THE SECRET NAMEREBECCA PLEASE,NOT THE SECRET NAMEREBECCA PLEASE,negative,noon,21-30,Togo,8278724,54390.0,152
9ce5570064,gotta restart my computer .. I thought Win7 was supposed to put an end to the constant rebootiness,gotta restart my computer .. I thought Win7 was supposed to put an end to the constant rebootiness,neutral,night,70-100,Brazil,212559417,8358140.0,25
974b35f889, =O you need to ask him something? Lmao I love him too,I love him too,positive,night,70-100,Pakistan,220892340,770880.0,287
b4d5f1e13e,"Felt like ****, behaved like my son; ate to compensate. Pigged out on home-roasted sugar almonds. Painful tum, threw up, still feel sick.",sick.,negative,morning,0-20,Kazakhstan,18776707,2699700.0,7
162a2510d2,DUSTBIN BABY ON AT 11.30 Cannot wait  x,Cannot wait,positive,morning,0-20,Mozambique,31255435,786380.0,40
375e74d063," Haha I know, I cant handle the fame!  and thank you!",d thank you!,positive,morning,0-20,Belarus,9449323,202910.0,47
0a61cbf4b5,I am sooo tired,I am sooo tired,negative,morning,0-20,Indonesia,273523615,1811570.0,151
08975f62a8," ah yes, I know that feeling","ah yes, I know that feeling",neutral,night,70-100,South Africa,59308690,1213090.0,49
c7489a23fa,"If you followed us recently, PLEASE dont be offended that we haven`t followed back. We hit our limit.   Hopefully we will be free soon.",Hopefully,positive,noon,60-70,Colombia,50882891,1109500.0,46
a2cf6cc397," it makes me happy to hear a girl talk, or tweet, about the nba. but... could you give my nuggets some love?!",happy,positive,noon,60-70,Kyrgyzstan,6524195,191800.0,34
ee37bea884,Bad day  The day you realize what mess you`ve put me through will be one of the happiest days of my life...,Bad day  The day you realize what mess you`ve put me through will be one of the happiest days of my life...,neutral,morning,0-20,Burundi,11890784,25680.0,463
1b13ed8b4b,im thinking that im going to have fun tonight....and maybe some changes are coming,going to have fun,positive,noon,60-70,Bangladesh,164689383,130170.0,1265
919fa93391,"i`ve been sick for the past few days  and thus, my hair looks wierd.  if i didnt have a hat on it would look... http://tinyurl.com/mnf4kw",sick,negative,night,70-100,Belize,397628,22810.0,17
f0c1601d8b,  has tickets.......?,has tickets.......?,neutral,morning,46-60,Micronesia,115023,700.0,164
f78761f7ec,What`s with the gloomy weather? The sun must be too tired to come out and play  heading to victoria gardens for some impulse buys haha,What`s with the gloomy weather? The sun must be too tired to come out and play  heading to victoria gardens for some impulse buys haha,neutral,noon,21-30,Nepal,29136808,143350.0,203
